{"request": {"method": "DELETE", "url": "/transactions", "headers": {}, "body": {}}, "response": {"status_code": 204, "headers": {}, "body": {}}}
{"request": {"method": "POST", "url": "/transactions", "headers": {"Content-Type": "application/json"}, "body": {"_timestampOffset":-30000, "amount":"127.96"}}, "response": {"status_code": 201, "headers": {}, "body": {}}}
{"request": {"method": "POST", "url": "/transactions", "headers": {"Content-Type": "application/json"}, "body": {"_timestampOffset":-29900, "amount":"262.01"}}, "response": {"status_code": 201, "headers": {}, "body": {}}}
{"request": {"method": "POST", "url": "/transactions", "headers": {"Content-Type": "application/json"}, "body": {"_timestampOffset":-29800, "amount":"456.01"}}, "response": {"status_code": 201, "headers": {}, "body": {}}}
{"request": {"method": "POST", "url": "/transactions", "headers": {"Content-Type": "application/json"}, "body": {"_timestampOffset":-29700, "amount":"401.6"}}, "response": {"status_code": 201, "headers": {}, "body": {}}}
{"request": {"method": "POST", "url": "/transactions", "headers": {"Content-Type": "application/json"}, "body": {"_timestampOffset":-29600, "amount":"427.39"}}, "response": {"status_code": 201, "headers": {}, "body": {}}}
{"request": {"method": "POST", "url": "/transactions", "headers": {"Content-Type": "application/json"}, "body": {"_timestampOffset":-29500, "amount":"271.25"}}, "response": {"status_code": 201, "headers": {}, "body": {}}}
{"request": {"method": "POST", "url": "/transactions", "headers": {"Content-Type": "application/json"}, "body": {"_timestampOffset":-29400, "amount":"72.7"}}, "response": {"status_code": 201, "headers": {}, "body": {}}}
{"request": {"method": "POST", "url": "/transactions", "headers": {"Content-Type": "application/json"}, "body": {"_timestampOffset":-29300, "amount":"290.88"}}, "response": {"status_code": 201, "headers": {}, "body": {}}}
{"request": {"method": "POST", "url": "/transactions", "headers": {"Content-Type": "application/json"}, "body": {"_timestampOffset":-29200, "amount":"132.66"}}, "response": {"status_code": 201, "headers": {}, "body": {}}}
{"request": {"method": "POST", "url": "/transactions", "headers": {"Content-Type": "application/json"}, "body": {"_timestampOffset":-29100, "amount":"54.27"}}, "response": {"status_code": 201, "headers": {}, "body": {}}}
{"request": {"method": "POST", "url": "/transactions", "headers": {"Content-Type": "application/json"}, "body": {"_timestampOffset":-29000, "amount":"129.98"}}, "response": {"status_code": 201, "headers": {}, "body": {}}}
{"request": {"method": "POST", "url": "/transactions", "headers": {"Content-Type": "application/json"}, "body": {"_timestampOffset":-28900, "amount":"310.05"}}, "response": {"status_code": 201, "headers": {}, "body": {}}}
{"request": {"method": "POST", "url": "/transactions", "headers": {"Content-Type": "application/json"}, "body": {"_timestampOffset":-28800, "amount":"105.51"}}, "response": {"status_code": 201, "headers": {}, "body": {}}}
{"request": {"method": "POST", "url": "/transactions", "headers": {"Content-Type": "application/json"}, "body": {"_timestampOffset":-28700, "amount":"266.99"}}, "response": {"status_code": 201, "headers": {}, "body": {}}}
{"request": {"method": "POST", "url": "/transactions", "headers": {"Content-Type": "application/json"}, "body": {"_timestampOffset":-28600, "amount":"189.16"}}, "response": {"status_code": 201, "headers": {}, "body": {}}}
{"request": {"method": "POST", "url": "/transactions", "headers": {"Content-Type": "application/json"}, "body": {"_timestampOffset":-28500, "amount":"245.22"}}, "response": {"status_code": 201, "headers": {}, "body": {}}}
{"request": {"method": "POST", "url": "/transactions", "headers": {"Content-Type": "application/json"}, "body": {"_timestampOffset":-28400, "amount":"334.74"}}, "response": {"status_code": 201, "headers": {}, "body": {}}}
{"request": {"method": "POST", "url": "/transactions", "headers": {"Content-Type": "application/json"}, "body": {"_timestampOffset":-28300, "amount":"292.5"}}, "response": {"status_code": 201, "headers": {}, "body": {}}}
{"request": {"method": "POST", "url": "/transactions", "headers": {"Content-Type": "application/json"}, "body": {"_timestampOffset":-28200, "amount":"199.91"}}, "response": {"status_code": 201, "headers": {}, "body": {}}}
{"request": {"method": "POST", "url": "/transactions", "headers": {"Content-Type": "application/json"}, "body": {"_timestampOffset":-28100, "amount":"352.36"}}, "response": {"status_code": 201, "headers": {}, "body": {}}}
{"request": {"method": "POST", "url": "/transactions", "headers": {"Content-Type": "application/json"}, "body": {"_timestampOffset":-28000, "amount":"149.66"}}, "response": {"status_code": 201, "headers": {}, "body": {}}}
{"request": {"method": "POST", "url": "/transactions", "headers": {"Content-Type": "application/json"}, "body": {"_timestampOffset":-27900, "amount":"385.95"}}, "response": {"status_code": 201, "headers": {}, "body": {}}}
{"request": {"method": "POST", "url": "/transactions", "headers": {"Content-Type": "application/json"}, "body": {"_timestampOffset":-27800, "amount":"98.77"}}, "response": {"status_code": 201, "headers": {}, "body": {}}}
{"request": {"method": "POST", "url": "/transactions", "headers": {"Content-Type": "application/json"}, "body": {"_timestampOffset":-27700, "amount":"141.02"}}, "response": {"status_code": 201, "headers": {}, "body": {}}}
{"request": {"method": "POST", "url": "/transactions", "headers": {"Content-Type": "application/json"}, "body": {"_timestampOffset":-27600, "amount":"417.1"}}, "response": {"status_code": 201, "headers": {}, "body": {}}}
{"request": {"method": "POST", "url": "/transactions", "headers": {"Content-Type": "application/json"}, "body": {"_timestampOffset":-27500, "amount":"121.9"}}, "response": {"status_code": 201, "headers": {}, "body": {}}}
{"request": {"method": "POST", "url": "/transactions", "headers": {"Content-Type": "application/json"}, "body": {"_timestampOffset":-27400, "amount":"446.3"}}, "response": {"status_code": 201, "headers": {}, "body": {}}}
{"request": {"method": "POST", "url": "/transactions", "headers": {"Content-Type": "application/json"}, "body": {"_timestampOffset":-27300, "amount":"164.12"}}, "response": {"status_code": 201, "headers": {}, "body": {}}}
{"request": {"method": "POST", "url": "/transactions", "headers": {"Content-Type": "application/json"}, "body": {"_timestampOffset":-27200, "amount":"407.92"}}, "response": {"status_code": 201, "headers": {}, "body": {}}}
{"request": {"method": "POST", "url": "/transactions", "headers": {"Content-Type": "application/json"}, "body": {"_timestampOffset":-27100, "amount":"216.68"}}, "response": {"status_code": 201, "headers": {}, "body": {}}}
{"request": {"method": "POST", "url": "/transactions", "headers": {"Content-Type": "application/json"}, "body": {"_timestampOffset":-27000, "amount":"375.11"}}, "response": {"status_code": 201, "headers": {}, "body": {}}}
{"request": {"method": "POST", "url": "/transactions", "headers": {"Content-Type": "application/json"}, "body": {"_timestampOffset":-26900, "amount":"7.08"}}, "response": {"status_code": 201, "headers": {}, "body": {}}}
{"request": {"method": "POST", "url": "/transactions", "headers": {"Content-Type": "application/json"}, "body": {"_timestampOffset":-26800, "amount":"257.36"}}, "response": {"status_code": 201, "headers": {}, "body": {}}}
{"request": {"method": "POST", "url": "/transactions", "headers": {"Content-Type": "application/json"}, "body": {"_timestampOffset":-26700, "amount":"30.14"}}, "response": {"status_code": 201, "headers": {}, "body": {}}}
{"request": {"method": "POST", "url": "/transactions", "headers": {"Content-Type": "application/json"}, "body": {"_timestampOffset":-26600, "amount":"24.95"}}, "response": {"status_code": 201, "headers": {}, "body": {}}}
{"request": {"method": "POST", "url": "/transactions", "headers": {"Content-Type": "application/json"}, "body": {"_timestampOffset":-26500, "amount":"193.69"}}, "response": {"status_code": 201, "headers": {}, "body": {}}}
{"request": {"method": "POST", "url": "/transactions", "headers": {"Content-Type": "application/json"}, "body": {"_timestampOffset":-26400, "amount":"437.63"}}, "response": {"status_code": 201, "headers": {}, "body": {}}}
{"request": {"method": "POST", "url": "/transactions", "headers": {"Content-Type": "application/json"}, "body": {"_timestampOffset":-26300, "amount":"232.47"}}, "response": {"status_code": 201, "headers": {}, "body": {}}}
{"request": {"method": "POST", "url": "/transactions", "headers": {"Content-Type": "application/json"}, "body": {"_timestampOffset":-26200, "amount":"365.89"}}, "response": {"status_code": 201, "headers": {}, "body": {}}}
{"request": {"method": "POST", "url": "/transactions", "headers": {"Content-Type": "application/json"}, "body": {"_timestampOffset":-26100, "amount":"262.9"}}, "response": {"status_code": 201, "headers": {}, "body": {}}}
{"request": {"method": "POST", "url": "/transactions", "headers": {"Content-Type": "application/json"}, "body": {"_timestampOffset":-26000, "amount":"384.36"}}, "response": {"status_code": 201, "headers": {}, "body": {}}}
{"request": {"method": "POST", "url": "/transactions", "headers": {"Content-Type": "application/json"}, "body": {"_timestampOffset":-25900, "amount":"106.85"}}, "response": {"status_code": 201, "headers": {}, "body": {}}}
{"request": {"method": "POST", "url": "/transactions", "headers": {"Content-Type": "application/json"}, "body": {"_timestampOffset":-25800, "amount":"374.54"}}, "response": {"status_code": 201, "headers": {}, "body": {}}}
{"request": {"method": "POST", "url": "/transactions", "headers": {"Content-Type": "application/json"}, "body": {"_timestampOffset":-25700, "amount":"278.57"}}, "response": {"status_code": 201, "headers": {}, "body": {}}}
{"request": {"method": "POST", "url": "/transactions", "headers": {"Content-Type": "application/json"}, "body": {"_timestampOffset":-25600, "amount":"120.4"}}, "response": {"status_code": 201, "headers": {}, "body": {}}}
{"request": {"method": "POST", "url": "/transactions", "headers": {"Content-Type": "application/json"}, "body": {"_timestampOffset":-25500, "amount":"477.8"}}, "response": {"status_code": 201, "headers": {}, "body": {}}}
{"request": {"method": "POST", "url": "/transactions", "headers": {"Content-Type": "application/json"}, "body": {"_timestampOffset":-25400, "amount":"28.78"}}, "response": {"status_code": 201, "headers": {}, "body": {}}}
{"request": {"method": "POST", "url": "/transactions", "headers": {"Content-Type": "application/json"}, "body": {"_timestampOffset":-25300, "amount":"305.78"}}, "response": {"status_code": 201, "headers": {}, "body": {}}}
{"request": {"method": "POST", "url": "/transactions", "headers": {"Content-Type": "application/json"}, "body": {"_timestampOffset":-25200, "amount":"457.08"}}, "response": {"status_code": 201, "headers": {}, "body": {}}}
{"request": {"method": "POST", "url": "/transactions", "headers": {"Content-Type": "application/json"}, "body": {"_timestampOffset":-25100, "amount":"322.89"}}, "response": {"status_code": 201, "headers": {}, "body": {}}}
{"request": {"method": "POST", "url": "/transactions", "headers": {"Content-Type": "application/json"}, "body": {"_timestampOffset":-25000, "amount":"136.89"}}, "response": {"status_code": 201, "headers": {}, "body": {}}}
{"request": {"method": "POST", "url": "/transactions", "headers": {"Content-Type": "application/json"}, "body": {"_timestampOffset":-24900, "amount":"299.56"}}, "response": {"status_code": 201, "headers": {}, "body": {}}}
{"request": {"method": "POST", "url": "/transactions", "headers": {"Content-Type": "application/json"}, "body": {"_timestampOffset":-24800, "amount":"210.92"}}, "response": {"status_code": 201, "headers": {}, "body": {}}}
{"request": {"method": "POST", "url": "/transactions", "headers": {"Content-Type": "application/json"}, "body": {"_timestampOffset":-24700, "amount":"76.34"}}, "response": {"status_code": 201, "headers": {}, "body": {}}}
{"request": {"method": "POST", "url": "/transactions", "headers": {"Content-Type": "application/json"}, "body": {"_timestampOffset":-24600, "amount":"31.53"}}, "response": {"status_code": 201, "headers": {}, "body": {}}}
{"request": {"method": "POST", "url": "/transactions", "headers": {"Content-Type": "application/json"}, "body": {"_timestampOffset":-24500, "amount":"91.05"}}, "response": {"status_code": 201, "headers": {}, "body": {}}}
{"request": {"method": "POST", "url": "/transactions", "headers": {"Content-Type": "application/json"}, "body": {"_timestampOffset":-24400, "amount":"400.35"}}, "response": {"status_code": 201, "headers": {}, "body": {}}}
{"request": {"method": "POST", "url": "/transactions", "headers": {"Content-Type": "application/json"}, "body": {"_timestampOffset":-24300, "amount":"312.39"}}, "response": {"status_code": 201, "headers": {}, "body": {}}}
{"request": {"method": "POST", "url": "/transactions", "headers": {"Content-Type": "application/json"}, "body": {"_timestampOffset":-24200, "amount":"415.31"}}, "response": {"status_code": 201, "headers": {}, "body": {}}}
{"request": {"method": "POST", "url": "/transactions", "headers": {"Content-Type": "application/json"}, "body": {"_timestampOffset":-24100, "amount":"336.26"}}, "response": {"status_code": 201, "headers": {}, "body": {}}}
{"request": {"method": "POST", "url": "/transactions", "headers": {"Content-Type": "application/json"}, "body": {"_timestampOffset":-24000, "amount":"434.15"}}, "response": {"status_code": 201, "headers": {}, "body": {}}}
{"request": {"method": "POST", "url": "/transactions", "headers": {"Content-Type": "application/json"}, "body": {"_timestampOffset":-23900, "amount":"345.71"}}, "response": {"status_code": 201, "headers": {}, "body": {}}}
{"request": {"method": "POST", "url": "/transactions", "headers": {"Content-Type": "application/json"}, "body": {"_timestampOffset":-23800, "amount":"89.03"}}, "response": {"status_code": 201, "headers": {}, "body": {}}}
{"request": {"method": "POST", "url": "/transactions", "headers": {"Content-Type": "application/json"}, "body": {"_timestampOffset":-23700, "amount":"432.22"}}, "response": {"status_code": 201, "headers": {}, "body": {}}}
{"request": {"method": "POST", "url": "/transactions", "headers": {"Content-Type": "application/json"}, "body": {"_timestampOffset":-23600, "amount":"170.72"}}, "response": {"status_code": 201, "headers": {}, "body": {}}}
{"request": {"method": "POST", "url": "/transactions", "headers": {"Content-Type": "application/json"}, "body": {"_timestampOffset":-23500, "amount":"204.58"}}, "response": {"status_code": 201, "headers": {}, "body": {}}}
{"request": {"method": "POST", "url": "/transactions", "headers": {"Content-Type": "application/json"}, "body": {"_timestampOffset":-23400, "amount":"431.93"}}, "response": {"status_code": 201, "headers": {}, "body": {}}}
{"request": {"method": "POST", "url": "/transactions", "headers": {"Content-Type": "application/json"}, "body": {"_timestampOffset":-23300, "amount":"36.32"}}, "response": {"status_code": 201, "headers": {}, "body": {}}}
{"request": {"method": "POST", "url": "/transactions", "headers": {"Content-Type": "application/json"}, "body": {"_timestampOffset":-23200, "amount":"483.91"}}, "response": {"status_code": 201, "headers": {}, "body": {}}}
{"request": {"method": "POST", "url": "/transactions", "headers": {"Content-Type": "application/json"}, "body": {"_timestampOffset":-23100, "amount":"3.28"}}, "response": {"status_code": 201, "headers": {}, "body": {}}}
{"request": {"method": "POST", "url": "/transactions", "headers": {"Content-Type": "application/json"}, "body": {"_timestampOffset":-23000, "amount":"315.14"}}, "response": {"status_code": 201, "headers": {}, "body": {}}}
{"request": {"method": "POST", "url": "/transactions", "headers": {"Content-Type": "application/json"}, "body": {"_timestampOffset":-22900, "amount":"142.27"}}, "response": {"status_code": 201, "headers": {}, "body": {}}}
{"request": {"method": "POST", "url": "/transactions", "headers": {"Content-Type": "application/json"}, "body": {"_timestampOffset":-22800, "amount":"373.95"}}, "response": {"status_code": 201, "headers": {}, "body": {}}}
{"request": {"method": "POST", "url": "/transactions", "headers": {"Content-Type": "application/json"}, "body": {"_timestampOffset":-22700, "amount":"433.85"}}, "response": {"status_code": 201, "headers": {}, "body": {}}}
{"request": {"method": "POST", "url": "/transactions", "headers": {"Content-Type": "application/json"}, "body": {"_timestampOffset":-22600, "amount":"416.7"}}, "response": {"status_code": 201, "headers": {}, "body": {}}}
{"request": {"method": "POST", "url": "/transactions", "headers": {"Content-Type": "application/json"}, "body": {"_timestampOffset":-22500, "amount":"2.65"}}, "response": {"status_code": 201, "headers": {}, "body": {}}}
{"request": {"method": "POST", "url": "/transactions", "headers": {"Content-Type": "application/json"}, "body": {"_timestampOffset":-22400, "amount":"467.27"}}, "response": {"status_code": 201, "headers": {}, "body": {}}}
{"request": {"method": "POST", "url": "/transactions", "headers": {"Content-Type": "application/json"}, "body": {"_timestampOffset":-22300, "amount":"46.9"}}, "response": {"status_code": 201, "headers": {}, "body": {}}}
{"request": {"method": "POST", "url": "/transactions", "headers": {"Content-Type": "application/json"}, "body": {"_timestampOffset":-22200, "amount":"435.17"}}, "response": {"status_code": 201, "headers": {}, "body": {}}}
{"request": {"method": "POST", "url": "/transactions", "headers": {"Content-Type": "application/json"}, "body": {"_timestampOffset":-22100, "amount":"145.78"}}, "response": {"status_code": 201, "headers": {}, "body": {}}}
{"request": {"method": "POST", "url": "/transactions", "headers": {"Content-Type": "application/json"}, "body": {"_timestampOffset":-22000, "amount":"314.07"}}, "response": {"status_code": 201, "headers": {}, "body": {}}}
{"request": {"method": "POST", "url": "/transactions", "headers": {"Content-Type": "application/json"}, "body": {"_timestampOffset":-21900, "amount":"473.86"}}, "response": {"status_code": 201, "headers": {}, "body": {}}}
{"request": {"method": "POST", "url": "/transactions", "headers": {"Content-Type": "application/json"}, "body": {"_timestampOffset":-21800, "amount":"374.81"}}, "response": {"status_code": 201, "headers": {}, "body": {}}}
{"request": {"method": "POST", "url": "/transactions", "headers": {"Content-Type": "application/json"}, "body": {"_timestampOffset":-21700, "amount":"217.97"}}, "response": {"status_code": 201, "headers": {}, "body": {}}}
{"request": {"method": "POST", "url": "/transactions", "headers": {"Content-Type": "application/json"}, "body": {"_timestampOffset":-21600, "amount":"162.95"}}, "response": {"status_code": 201, "headers": {}, "body": {}}}
{"request": {"method": "POST", "url": "/transactions", "headers": {"Content-Type": "application/json"}, "body": {"_timestampOffset":-21500, "amount":"234.1"}}, "response": {"status_code": 201, "headers": {}, "body": {}}}
{"request": {"method": "POST", "url": "/transactions", "headers": {"Content-Type": "application/json"}, "body": {"_timestampOffset":-21400, "amount":"36.18"}}, "response": {"status_code": 201, "headers": {}, "body": {}}}
{"request": {"method": "POST", "url": "/transactions", "headers": {"Content-Type": "application/json"}, "body": {"_timestampOffset":-21300, "amount":"351.85"}}, "response": {"status_code": 201, "headers": {}, "body": {}}}
{"request": {"method": "POST", "url": "/transactions", "headers": {"Content-Type": "application/json"}, "body": {"_timestampOffset":-21200, "amount":"247.61"}}, "response": {"status_code": 201, "headers": {}, "body": {}}}
{"request": {"method": "POST", "url": "/transactions", "headers": {"Content-Type": "application/json"}, "body": {"_timestampOffset":-21100, "amount":"194.32"}}, "response": {"status_code": 201, "headers": {}, "body": {}}}
{"request": {"method": "POST", "url": "/transactions", "headers": {"Content-Type": "application/json"}, "body": {"_timestampOffset":-21000, "amount":"191.38"}}, "response": {"status_code": 201, "headers": {}, "body": {}}}
{"request": {"method": "POST", "url": "/transactions", "headers": {"Content-Type": "application/json"}, "body": {"_timestampOffset":-20900, "amount":"408.86"}}, "response": {"status_code": 201, "headers": {}, "body": {}}}
{"request": {"method": "POST", "url": "/transactions", "headers": {"Content-Type": "application/json"}, "body": {"_timestampOffset":-20800, "amount":"119"}}, "response": {"status_code": 201, "headers": {}, "body": {}}}
{"request": {"method": "POST", "url": "/transactions", "headers": {"Content-Type": "application/json"}, "body": {"_timestampOffset":-20700, "amount":"215.92"}}, "response": {"status_code": 201, "headers": {}, "body": {}}}
{"request": {"method": "POST", "url": "/transactions", "headers": {"Content-Type": "application/json"}, "body": {"_timestampOffset":-20600, "amount":"482.64"}}, "response": {"status_code": 201, "headers": {}, "body": {}}}
{"request": {"method": "POST", "url": "/transactions", "headers": {"Content-Type": "application/json"}, "body": {"_timestampOffset":-20500, "amount":"474.66"}}, "response": {"status_code": 201, "headers": {}, "body": {}}}
{"request": {"method": "POST", "url": "/transactions", "headers": {"Content-Type": "application/json"}, "body": {"_timestampOffset":-20400, "amount":"162.17"}}, "response": {"status_code": 201, "headers": {}, "body": {}}}
{"request": {"method": "POST", "url": "/transactions", "headers": {"Content-Type": "application/json"}, "body": {"_timestampOffset":-20300, "amount":"423.88"}}, "response": {"status_code": 201, "headers": {}, "body": {}}}
{"request": {"method": "POST", "url": "/transactions", "headers": {"Content-Type": "application/json"}, "body": {"_timestampOffset":-20200, "amount":"116.07"}}, "response": {"status_code": 201, "headers": {}, "body": {}}}
{"request": {"method": "POST", "url": "/transactions", "headers": {"Content-Type": "application/json"}, "body": {"_timestampOffset":-20100, "amount":"198.86"}}, "response": {"status_code": 201, "headers": {}, "body": {}}}
{"request": {"method": "GET", "url": "/statistics", "headers": {}, "body": {}}, "response": {"status_code": 200, "headers": {"Content-Type": "application/json"}, "body": {"sum": "25640.13", "avg": "256.40", "max":"483.91", "min":"2.65", "count":100}}}
