{"request": {"method": "DELETE", "url": "/transactions", "headers": {}, "body": {}}, "response": {"status_code": 204, "headers": {}, "body": {}}}
{"request": {"method": "POST", "url": "/transactions", "headers": {"Content-Type": "application/json"}, "body": {"_timestampOffset":-36647, "amount":"12.06"}}, "response": {"status_code": 201, "headers": {}, "body": {}}}
{"request": {"method": "POST", "url": "/transactions", "headers": {"Content-Type": "application/json"}, "body": {"_timestampOffset":-21821, "amount":"15.24"}}, "response": {"status_code": 201, "headers": {}, "body": {}}}
{"request": {"method": "POST", "url": "/transactions", "headers": {"Content-Type": "application/json"}, "body": {"_timestampOffset":-18193, "amount":"66.08"}}, "response": {"status_code": 201, "headers": {}, "body": {}}}
{"request": {"method": "POST", "url": "/transactions", "headers": {"Content-Type": "application/json"}, "body": {"_timestampOffset":-55000, "amount":"51.51"}}, "response": {"status_code": 201, "headers": {}, "body": {}}}
{"request": {"method": "POST", "url": "/transactions", "headers": {"Content-Type": "application/json"}, "body": {"_timestampOffset":-11778, "amount":"54.94"}}, "response": {"status_code": 201, "headers": {}, "body": {}}}
{"request": {"method": "POST", "url": "/transactions", "headers": {"Content-Type": "application/json"}, "body": {"_timestampOffset":-37755, "amount":"6.69"}}, "response": {"status_code": 201, "headers": {}, "body": {}}}
{"request": {"method": "POST", "url": "/transactions", "headers": {"Content-Type": "application/json"}, "body": {"_timestampOffset":-5036, "amount":"38.99"}}, "response": {"status_code": 201, "headers": {}, "body": {}}}
{"request": {"method": "POST", "url": "/transactions", "headers": {"Content-Type": "application/json"}, "body": {"_timestampOffset":-7771, "amount":"89.42"}}, "response": {"status_code": 201, "headers": {}, "body": {}}}
{"request": {"method": "POST", "url": "/transactions", "headers": {"Content-Type": "application/json"}, "body": {"_timestampOffset":-3116, "amount":"63.82"}}, "response": {"status_code": 201, "headers": {}, "body": {}}}
{"request": {"method": "POST", "url": "/transactions", "headers": {"Content-Type": "application/json"}, "body": {"_timestampOffset":-29688, "amount":"2.11"}}, "response": {"status_code": 201, "headers": {}, "body": {}}}
{"request": {"method": "POST", "url": "/transactions", "headers": {"Content-Type": "application/json"}, "body": {"_timestampOffset":-55000, "amount":"48.17"}}, "response": {"status_code": 201, "headers": {}, "body": {}}}
{"request": {"method": "POST", "url": "/transactions", "headers": {"Content-Type": "application/json"}, "body": {"_timestampOffset":-2174, "amount":"76.06"}}, "response": {"status_code": 201, "headers": {}, "body": {}}}
{"request": {"method": "POST", "url": "/transactions", "headers": {"Content-Type": "application/json"}, "body": {"_timestampOffset":-26157, "amount":"84.71"}}, "response": {"status_code": 201, "headers": {}, "body": {}}}
{"request": {"method": "POST", "url": "/transactions", "headers": {"Content-Type": "application/json"}, "body": {"_timestampOffset":-13109, "amount":"24.69"}}, "response": {"status_code": 201, "headers": {}, "body": {}}}
{"request": {"method": "POST", "url": "/transactions", "headers": {"Content-Type": "application/json"}, "body": {"_timestampOffset":-33529, "amount":"11.64"}}, "response": {"status_code": 201, "headers": {}, "body": {}}}
{"request": {"method": "POST", "url": "/transactions", "headers": {"Content-Type": "application/json"}, "body": {"_timestampOffset":-25094, "amount":"88.57"}}, "response": {"status_code": 201, "headers": {}, "body": {}}}
{"request": {"method": "POST", "url": "/transactions", "headers": {"Content-Type": "application/json"}, "body": {"_timestampOffset":-38937, "amount":"21.16"}}, "response": {"status_code": 201, "headers": {}, "body": {}}}
{"request": {"method": "POST", "url": "/transactions", "headers": {"Content-Type": "application/json"}, "body": {"_timestampOffset":-21875, "amount":"35.13"}}, "response": {"status_code": 201, "headers": {}, "body": {}}}
{"request": {"method": "POST", "url": "/transactions", "headers": {"Content-Type": "application/json"}, "body": {"_timestampOffset":-13411, "amount":"81.06"}}, "response": {"status_code": 201, "headers": {}, "body": {}}}
{"request": {"method": "POST", "url": "/transactions", "headers": {"Content-Type": "application/json"}, "body": {"_timestampOffset":-28504, "amount":"59.31"}}, "response": {"status_code": 201, "headers": {}, "body": {}}}
{"request": {"method": "POST", "url": "/transactions", "headers": {"Content-Type": "application/json"}, "body": {"_timestampOffset":-39295, "amount":"64.64"}}, "response": {"status_code": 201, "headers": {}, "body": {}}}
{"request": {"method": "POST", "url": "/transactions", "headers": {"Content-Type": "application/json"}, "body": {"_timestampOffset":-7473, "amount":"12.06"}}, "response": {"status_code": 201, "headers": {}, "body": {}}}
{"request": {"method": "POST", "url": "/transactions", "headers": {"Content-Type": "application/json"}, "body": {"_timestampOffset":-18035, "amount":"43.7"}}, "response": {"status_code": 201, "headers": {}, "body": {}}}
{"request": {"method": "POST", "url": "/transactions", "headers": {"Content-Type": "application/json"}, "body": {"_timestampOffset":-4283, "amount":"85.64"}}, "response": {"status_code": 201, "headers": {}, "body": {}}}
{"request": {"method": "POST", "url": "/transactions", "headers": {"Content-Type": "application/json"}, "body": {"_timestampOffset":-37162, "amount":"66.64"}}, "response": {"status_code": 201, "headers": {}, "body": {}}}
{"request": {"method": "POST", "url": "/transactions", "headers": {"Content-Type": "application/json"}, "body": {"_timestampOffset":-55000, "amount":"34.34"}}, "response": {"status_code": 201, "headers": {}, "body": {}}}
{"request": {"method": "POST", "url": "/transactions", "headers": {"Content-Type": "application/json"}, "body": {"_timestampOffset":-4938, "amount":"86.73"}}, "response": {"status_code": 201, "headers": {}, "body": {}}}
{"request": {"method": "POST", "url": "/transactions", "headers": {"Content-Type": "application/json"}, "body": {"_timestampOffset":-38258, "amount":"52.32"}}, "response": {"status_code": 201, "headers": {}, "body": {}}}
{"request": {"method": "POST", "url": "/transactions", "headers": {"Content-Type": "application/json"}, "body": {"_timestampOffset":-12171, "amount":"32.83"}}, "response": {"status_code": 201, "headers": {}, "body": {}}}
{"request": {"method": "POST", "url": "/transactions", "headers": {"Content-Type": "application/json"}, "body": {"_timestampOffset":-55000, "amount":"38.35"}}, "response": {"status_code": 201, "headers": {}, "body": {}}}
{"request": {"method": "POST", "url": "/transactions", "headers": {"Content-Type": "application/json"}, "body": {"_timestampOffset":-32367, "amount":"13.27"}}, "response": {"status_code": 201, "headers": {}, "body": {}}}
{"request": {"method": "POST", "url": "/transactions", "headers": {"Content-Type": "application/json"}, "body": {"_timestampOffset":-25536, "amount":"80.88"}}, "response": {"status_code": 201, "headers": {}, "body": {}}}
{"request": {"method": "POST", "url": "/transactions", "headers": {"Content-Type": "application/json"}, "body": {"_timestampOffset":-5945, "amount":"49.97"}}, "response": {"status_code": 201, "headers": {}, "body": {}}}
{"request": {"method": "POST", "url": "/transactions", "headers": {"Content-Type": "application/json"}, "body": {"_timestampOffset":-29063, "amount":"24.65"}}, "response": {"status_code": 201, "headers": {}, "body": {}}}
{"request": {"method": "POST", "url": "/transactions", "headers": {"Content-Type": "application/json"}, "body": {"_timestampOffset":-55000, "amount":"65.07"}}, "response": {"status_code": 201, "headers": {}, "body": {}}}
{"request": {"method": "POST", "url": "/transactions", "headers": {"Content-Type": "application/json"}, "body": {"_timestampOffset":-1640, "amount":"10.71"}}, "response": {"status_code": 201, "headers": {}, "body": {}}}
{"request": {"method": "POST", "url": "/transactions", "headers": {"Content-Type": "application/json"}, "body": {"_timestampOffset":-14743, "amount":"12.1"}}, "response": {"status_code": 201, "headers": {}, "body": {}}}
{"request": {"method": "POST", "url": "/transactions", "headers": {"Content-Type": "application/json"}, "body": {"_timestampOffset":-19833, "amount":"72.09"}}, "response": {"status_code": 201, "headers": {}, "body": {}}}
{"request": {"method": "POST", "url": "/transactions", "headers": {"Content-Type": "application/json"}, "body": {"_timestampOffset":-3434, "amount":"86.71"}}, "response": {"status_code": 201, "headers": {}, "body": {}}}
{"request": {"method": "POST", "url": "/transactions", "headers": {"Content-Type": "application/json"}, "body": {"_timestampOffset":-55000, "amount":"5.49"}}, "response": {"status_code": 201, "headers": {}, "body": {}}}
{"request": {"method": "GET", "url": "/statistics", "headers": {}, "body": {}}, "response": {"status_code": 200, "headers": {"Content-Type": "application/json"}, "body": {"sum": "1869.55", "avg": "46.74", "max":"89.42", "min":"2.11", "count":40}}}
{"sleep": 5000}
{"request": {"method": "GET", "url": "/statistics", "headers": {}, "body": {}}, "response": {"status_code": 200, "headers": {"Content-Type": "application/json"}, "body": {"sum": "1626.62", "avg": "47.84", "max":"89.42", "min":"2.11", "count":34}}}
