[
  {
    "rank": 0,
    "rankDesc": "1DBS"
  },
  {
    "rank": 1,
    "rankDesc": "1ST"
  },
  {
    "rank": 2,
    "rankDesc": "2ND"
  },
  {
    "rank": 3,
    "rankDesc": "3RD"
  },
  {
    "rank": 4,
    "rankDesc": "4TH"
  },
  {
    "rank": 5,
    "rankDesc": "5TH"
  },
  {
    "rank": 6,
    "rankDesc": "6TH"
  },
  {
    "rank": 7,
    "rankDesc": "7TH"
  },
  {
    "rank": 8,
    "rankDesc": "8TH"
  },
  {
    "rank": 9,
    "rankDesc": "9TH"
  }
]