[
  {
    "freq": 0,
    "freqDesc": "CUSTOM"
  },
  {
    "freq": 1,
    "freqDesc": "Monthly"
  },
  {
    "freq": 2,
    "freqDesc": "2 Months"
  },
  {
    "freq": 3,
    "freqDesc": "3 Months"
  },
  {
    "freq": 4,
    "freqDesc": "4 Months"
  },
  {
    "freq": 5,
    "freqDesc": "5 Months"
  },
  {
    "freq": 6,
    "freqDesc": "6 Months"
  },
  {
    "freq": 7,
    "freqDesc": "7 Months"
  },
  {
    "freq": 8,
    "freqDesc": "8 Months"
  },
  {
    "freq": 9,
    "freqDesc": "9 months"
  },
  {
    "freq": 10,
    "freqDesc": "10 months"
  },
  {
    "freq": 11,
    "freqDesc": "11 months"
  },
  {
    "freq": 12,
    "freqDesc": "12 months"
  }
]